date,price
17-04-2022,58.7
16-04-2022,58.6
15-04-2022,58.6
14-04-2022,58.5
13-04-2022,58.3
12-04-2022,58.3
11-04-2022,57.6
10-04-2022,57.2
09-04-2022,57.5
08-04-2022,57.5
07-04-2022,57
06-04-2022,56.6
06-04-2022,56.7
06-04-2022,56.6
06-04-2022,56.7
05-04-2022,56.6
04-04-2022,56.6
03-04-2022,56
02-04-2022,55.9
01-04-2022,56
31-03-2022,56.3
30-03-2022,55.7
29-03-2022,55.6
28-03-2022,56.1
27-03-2022,57.2
26-03-2022,57.2
25-03-2022,57.1
24-03-2022,57.3
23-03-2022,56.8
22-03-2022,55.9
21-03-2022,56.4
20-03-2022,55.7
19-03-2022,55.7
18-03-2022,55.8
17-03-2022,56
16-03-2022,56.1
15-03-2022,56.2
14-03-2022,57.3
13-03-2022,58.5
12-03-2022,58.5
11-03-2022,58.4
10-03-2022,58.4
09-03-2022,57.6
08-03-2022,59.9
07-03-2022,59.1
06-03-2022,57.9
05-03-2022,57.9
04-03-2022,57.8
03-03-2022,56.2
02-03-2022,55.7
01-03-2022,56
28-02-2022,54.5
27-02-2022,53.8
26-02-2022,53.8
25-02-2022,53.9
24-02-2022,54
23-02-2022,54.1
22-02-2022,53.8
21-02-2022,54
20-02-2022,53.8
19-02-2022,53.8
18-02-2022,53.6
17-02-2022,53.6
16-02-2022,52.7
15-02-2022,52.4
14-02-2022,53.1
13-02-2022,52.6
12-02-2022,52.6
11-02-2022,52.7
10-02-2022,51.3
09-02-2022,51.5
08-02-2022,51.4
07-02-2022,51.1
06-02-2022,50.7
05-02-2022,50.7
04-02-2022,50.6
03-02-2022,50.7
02-02-2022,51.3
01-02-2022,51.3
31-01-2022,51.4
30-01-2022,51.6
29-01-2022,51.6
28-01-2022,51.5
27-01-2022,51.7
26-01-2022,51.9
25-01-2022,52.5
24-01-2022,52.1
23-01-2022,51.9
22-01-2022,51.9
21-01-2022,51.8
20-01-2022,52.2
19-01-2022,52.1
18-01-2022,51.4
17-01-2022,51.2
16-01-2022,51.1
15-01-2022,51.1
14-01-2022,51.1
13-01-2022,51
12-01-2022,51.2
11-01-2022,51.4
10-01-2022,51.1
09-01-2022,50.8
08-01-2022,50.8
07-01-2022,50.8
06-01-2022,50.9
05-01-2022,51.5
04-01-2022,51.6
03-01-2022,51.2
02-01-2022,51.6
01-01-2022,51.6
31-12-2021,51.5
30-12-2021,51.5
29-12-2021,51.1
28-12-2021,51.3
27-12-2021,51.3
26-12-2021,51.1
25-12-2021,51.2
24-12-2021,51.2
23-12-2021,51.2
22-12-2021,51.1
21-12-2021,50.9
20-12-2021,51
19-12-2021,51.4
18-12-2021,51.4
17-12-2021,51.4
16-12-2021,51
15-12-2021,50.5
14-12-2021,50.5
13-12-2021,50.8
12-12-2021,50.6
11-12-2021,50.6
10-12-2021,50.6
09-12-2021,50.5
08-12-2021,50.5
07-12-2021,51
06-12-2021,50.6
05-12-2021,50.6
04-12-2021,50.6
03-12-2021,50.7
02-12-2021,50.2
01-12-2021,50.5
30-11-2021,50.3
29-11-2021,50.8
28-11-2021,50.8
27-11-2021,50.8
26-11-2021,50.9
25-11-2021,51.2
24-11-2021,51.2
23-11-2021,51
22-11-2021,51.6
21-11-2021,52.5
20-11-2021,52.5
19-11-2021,52.5
18-11-2021,52.4
17-11-2021,52.9
16-11-2021,52.5
15-11-2021,52.6
14-11-2021,52.3
13-11-2021,52.3
12-11-2021,52.3
11-11-2021,52.2
10-11-2021,51.6
09-11-2021,50.7
08-11-2021,50.6
07-11-2021,50.5
06-11-2021,50.5
05-11-2021,50.4
04-11-2021,49.8
03-11-2021,49
02-11-2021,49.5
01-11-2021,49.6
31-10-2021,49.5
30-10-2021,49.5
29-10-2021,49.5
28-10-2021,49.4
27-10-2021,49.8
26-10-2021,49.6
25-10-2021,49.9
24-10-2021,49.4
23-10-2021,49.4
22-10-2021,49.5
21-10-2021,49.3
20-10-2021,49.2
19-10-2021,48.8
18-10-2021,48.8
17-10-2021,48.9
16-10-2021,48.9
15-10-2021,48.9
14-10-2021,49.7
13-10-2021,49.6
12-10-2021,49
11-10-2021,48.7
10-10-2021,48.7
09-10-2021,48.8
08-10-2021,48.7
07-10-2021,48.8
06-10-2021,49
05-10-2021,48.7
04-10-2021,48.8
03-10-2021,48.7
02-10-2021,48.7
01-10-2021,48.7
30-09-2021,48.7
29-09-2021,47.8
28-09-2021,47.6
27-09-2021,48
26-09-2021,47.9
25-09-2021,47.9
24-09-2021,47.9
23-09-2021,47.8
22-09-2021,48.5
21-09-2021,48.6
20-09-2021,48.3
19-09-2021,48
18-09-2021,48
17-09-2021,47.9
16-09-2021,47.8
15-09-2021,48.7
14-09-2021,49.1
13-09-2021,48.8
12-09-2021,48.6
11-09-2021,48.6
10-09-2021,48.6
09-09-2021,48.7
08-09-2021,48.6
07-09-2021,48.6
06-09-2021,49.3
05-09-2021,49.4
04-09-2021,49.4
03-09-2021,49.4
02-09-2021,48.9
01-09-2021,49.2
31-08-2021,49.3
30-08-2021,49.3
29-08-2021,49.5
28-08-2021,49.5
27-08-2021,49.5
26-08-2021,48.9
25-08-2021,48.8
24-08-2021,49.2
23-08-2021,49.3
22-08-2021,48.9
21-08-2021,48.9
20-08-2021,48.9
19-08-2021,49
18-08-2021,49
17-08-2021,48.9
16-08-2021,48.7
15-08-2021,48.4
14-08-2021,48.4
13-08-2021,48.4
12-08-2021,48
11-08-2021,47.9
10-08-2021,47.4
09-08-2021,47.3
08-08-2021,48.1
07-08-2021,48.1
06-08-2021,48.1
05-08-2021,48.9
04-08-2021,49.1
03-08-2021,49
02-08-2021,49
01-08-2021,49.1
31-07-2021,49.1
30-07-2021,49.1
29-07-2021,49.4
28-07-2021,49
27-07-2021,48.9
26-07-2021,48.9
25-07-2021,49.1
24-07-2021,49.1
23-07-2021,49.1
22-07-2021,49.3
21-07-2021,49.1
20-07-2021,49.3
19-07-2021,49.3
18-07-2021,49.3
17-07-2021,49.3
16-07-2021,49.3
15-07-2021,49.7
14-07-2021,49.6
13-07-2021,49.3
12-07-2021,48.9
11-07-2021,48.9
10-07-2021,48.9
09-07-2021,48.9
08-07-2021,48.9
07-07-2021,49.1
06-07-2021,48.8
05-07-2021,48.5
04-07-2021,48.4
03-07-2021,48.4
02-07-2021,48.4
01-07-2021,48.1
30-06-2021,47.9
29-06-2021,47.5
28-06-2021,47.9
27-06-2021,47.9
26-06-2021,47.9
25-06-2021,47.9
24-06-2021,47.7
23-06-2021,47.8
22-06-2021,47.8
21-06-2021,48
20-06-2021,47.8
19-06-2021,47.7
18-06-2021,47.7
17-06-2021,47.8
16-06-2021,48.9
15-06-2021,49.2
14-06-2021,49.4
13-06-2021,49.8
12-06-2021,49.8
11-06-2021,49.8
10-06-2021,50.1
09-06-2021,49.8
08-06-2021,49.9
07-06-2021,50
06-06-2021,49.9
05-06-2021,49.9
04-06-2021,49.9
03-06-2021,49.5
02-06-2021,50.2
01-06-2021,49.9
31-05-2021,50.1
30-05-2021,50.1
29-05-2021,50.1
28-05-2021,50.1
27-05-2021,49.9
26-05-2021,49.9
25-05-2021,49.8
24-05-2021,49.5
23-05-2021,49.6
22-05-2021,49.6
21-05-2021,49.5
20-05-2021,49.3
19-05-2021,49.3
18-05-2021,49.1
17-05-2021,49.3
16-05-2021,48.7
15-05-2021,48.7
14-05-2021,48.7
13-05-2021,48.5
12-05-2021,48.4
11-05-2021,48.6
10-05-2021,48.6
09-05-2021,48.3
08-05-2021,48.3
07-05-2021,48.3
06-05-2021,48.3
05-05-2021,47.8
04-05-2021,47.5
03-05-2021,47.7
02-05-2021,47.2
01-05-2021,47.2
30-04-2021,47.2
29-04-2021,47
28-04-2021,47.2
27-04-2021,47.2
26-04-2021,47.3
25-04-2021,47.2
24-04-2021,47.2
23-04-2021,47.1
22-04-2021,47.7
21-04-2021,47.9
20-04-2021,47.4
19-04-2021,47.2
18-04-2021,47.6
17-04-2021,47.6
16-04-2021,47.6
15-04-2021,47.3
14-04-2021,46.5
13-04-2021,46.9
12-04-2021,46.7
11-04-2021,47.1
10-04-2021,47
09-04-2021,47
08-04-2021,47.3
07-04-2021,47
06-04-2021,47.1
05-04-2021,47
04-04-2021,47.4
03-04-2021,47.4
02-04-2021,47.4
01-04-2021,47.1
31-03-2021,46.7
30-03-2021,46.1
29-03-2021,46.7
28-03-2021,47.2
27-03-2021,47.2
26-03-2021,47.1
25-03-2021,47.1
24-03-2021,47.1
23-03-2021,46.8
22-03-2021,46.8
21-03-2021,46.9
20-03-2021,46.9
19-03-2021,47
18-03-2021,46.8
17-03-2021,46.8
16-03-2021,46.7
15-03-2021,46.6
14-03-2021,46.4
13-03-2021,46.4
12-03-2021,46.3
11-03-2021,46.2
10-03-2021,46.4
09-03-2021,46.3
08-03-2021,45.6
07-03-2021,45.8
06-03-2021,45.8
05-03-2021,45.8
04-03-2021,45.6
03-03-2021,45.7
02-03-2021,46.1
01-03-2021,45.9
28-02-2021,46.1
27-02-2021,46.1
26-02-2021,45.9
25-02-2021,46.7
24-02-2021,47.5
23-02-2021,47.7
22-02-2021,47.7
21-02-2021,47.3
20-02-2021,47.3
19-02-2021,47.2
18-02-2021,47.1
17-02-2021,47.3
16-02-2021,47.6
15-02-2021,48.1
14-02-2021,48.3
13-02-2021,48.3
12-02-2021,48.2
11-02-2021,48.3
10-02-2021,48.8
09-02-2021,48.7
08-02-2021,48.8
07-02-2021,48.3
06-02-2021,48.3
05-02-2021,48.3
04-02-2021,48.1
03-02-2021,48.9
02-02-2021,49
01-02-2021,49.5
31-01-2021,48.9
30-01-2021,48.9
29-01-2021,48.9
28-01-2021,48.8
27-01-2021,48.8
26-01-2021,48.9
25-01-2021,49.1
24-01-2021,48.9
23-01-2021,48.9
22-01-2021,49
21-01-2021,49.3
20-01-2021,49.5
19-01-2021,48.7
18-01-2021,48.8
17-01-2021,48.6
16-01-2021,48.6
15-01-2021,48.6
14-01-2021,48.7
13-01-2021,49
12-01-2021,48.8
11-01-2021,48.8
10-01-2021,48.5
09-01-2021,48.5
08-01-2021,48.5
07-01-2021,50.2
06-01-2021,50.1
05-01-2021,50.9
04-01-2021,50.9
03-01-2021,50.1
02-01-2021,50.1
01-01-2021,50.1
31-12-2020,49.8
30-12-2020,49.4
29-12-2020,49.2
28-12-2020,49.3
27-12-2020,49.1
26-12-2020,49.5
25-12-2020,49.5
24-12-2020,49.5
23-12-2020,49.3
22-12-2020,49.2
21-12-2020,49.2
20-12-2020,49.2
19-12-2020,49.2
18-12-2020,49.3
17-12-2020,49.3
16-12-2020,49.2
15-12-2020,48.9
14-12-2020,48.2
13-12-2020,48.8
12-12-2020,48.8
11-12-2020,48.7
10-12-2020,48.5
09-12-2020,48.8
08-12-2020,49.6
07-12-2020,49.2
06-12-2020,48.7
05-12-2020,48.7
04-12-2020,48.6
03-12-2020,48.7
02-12-2020,48.6
01-12-2020,48.3
30-11-2020,47.8
29-11-2020,47.9
28-11-2020,47.9
27-11-2020,48
26-11-2020,48.7
25-11-2020,48.7
24-11-2020,48.7
23-11-2020,49.8
22-11-2020,50.7
21-11-2020,50.7
20-11-2020,50.7
19-11-2020,50.4
18-11-2020,50.7
17-11-2020,51.1
16-11-2020,51.1
15-11-2020,51.2
14-11-2020,51.2
13-11-2020,51.2
12-11-2020,51
11-11-2020,50.8
10-11-2020,51
09-11-2020,50.7
08-11-2020,52.8
07-11-2020,52.8
06-11-2020,52.7
05-11-2020,52.9
04-11-2020,52
03-11-2020,52.3
02-11-2020,52.3
01-11-2020,51.6
31-10-2020,51.6
30-10-2020,51.8
29-10-2020,51.4
28-10-2020,51.3
27-10-2020,51.8
26-10-2020,51.7
25-10-2020,51.5
24-10-2020,51.5
23-10-2020,51.5
22-10-2020,51.7
21-10-2020,52.1
20-10-2020,51.8
19-10-2020,51.9
18-10-2020,52
17-10-2020,52
16-10-2020,52
15-10-2020,52.3
14-10-2020,51.9
13-10-2020,51.7
12-10-2020,52.3
11-10-2020,52.5
10-10-2020,52.4
09-10-2020,52.3
08-10-2020,51.7
07-10-2020,51.5
06-10-2020,51.5
05-10-2020,52.1
04-10-2020,52.1
03-10-2020,52.1
02-10-2020,52.1
01-10-2020,52.1
30-09-2020,51.7
29-09-2020,51.9
28-09-2020,51.8
27-09-2020,51.4
26-09-2020,51.4
25-09-2020,51.4
24-09-2020,51.4
23-09-2020,51.3
22-09-2020,52.1
21-09-2020,52.2
20-09-2020,52.9
19-09-2020,52.9
18-09-2020,52.8
17-09-2020,52.7
16-09-2020,53.3
15-09-2020,52.9
14-09-2020,53
13-09-2020,52.7
12-09-2020,52.6
11-09-2020,52.6
10-09-2020,52.8
09-09-2020,53
08-09-2020,52.6
07-09-2020,52.4
06-09-2020,52.4
05-09-2020,52.4
04-09-2020,52.4
03-09-2020,52.3
02-09-2020,52.6
01-09-2020,53.1
31-08-2020,53
30-08-2020,53
29-08-2020,53
28-08-2020,53
27-08-2020,52.4
26-08-2020,53
25-08-2020,52.3
24-08-2020,52.4
23-08-2020,52.7
22-08-2020,52.7
21-08-2020,52.8
20-08-2020,52.8
19-08-2020,52.6
18-08-2020,53.8
17-08-2020,53.7
16-08-2020,52.7
15-08-2020,52.7
14-08-2020,52.7
13-08-2020,53.1
12-08-2020,52.1
11-08-2020,52.4
10-08-2020,55.4
09-08-2020,55.3
08-08-2020,55.3
07-08-2020,55.3
06-08-2020,55.8
05-08-2020,55.1
04-08-2020,54.8
03-08-2020,53.9
02-08-2020,53.8
01-08-2020,53.8
31-07-2020,53.8
30-07-2020,53
29-07-2020,53.6
28-07-2020,53.5
27-07-2020,52.9
26-07-2020,52.4
25-07-2020,52.4
24-07-2020,52.4
23-07-2020,52.2
22-07-2020,51.8
21-07-2020,51.3
20-07-2020,51
19-07-2020,50.9
18-07-2020,50.8
17-07-2020,50.8
16-07-2020,50.7
15-07-2020,51
14-07-2020,51
13-07-2020,51
12-07-2020,51.1
11-07-2020,51.1
10-07-2020,51.1
09-07-2020,51.3
08-07-2020,51.2
07-07-2020,51.2
06-07-2020,50.7
05-07-2020,50.7
04-07-2020,50.7
03-07-2020,50.7
02-07-2020,50.7
01-07-2020,50.5
30-06-2020,50.9
29-06-2020,50.6
28-06-2020,50.6
27-06-2020,50.7
26-06-2020,50.6
25-06-2020,50.5
24-06-2020,50.4
23-06-2020,50.3
22-06-2020,50.1
21-06-2020,50
20-06-2020,50
19-06-2020,50
18-06-2020,49.4
17-06-2020,49.4
16-06-2020,49.2
15-06-2020,49
14-06-2020,49.5
13-06-2020,49.4
12-06-2020,49.4
11-06-2020,49.1
10-06-2020,49
09-06-2020,48.6
08-06-2020,48.3
07-06-2020,47.9
06-06-2020,47.9
05-06-2020,47.8
04-06-2020,48.7
03-06-2020,48.5
02-06-2020,49.6
01-06-2020,50.1
31-05-2020,50
30-05-2020,50.1
29-05-2020,50.1
28-05-2020,49.8
27-05-2020,50
26-05-2020,50.1
25-05-2020,50.9
24-05-2020,51.2
23-05-2020,51.1
22-05-2020,51.1
21-05-2020,50.6
20-05-2020,51.1
19-05-2020,51.3
18-05-2020,50.9
17-05-2020,51.8
16-05-2020,51.7
15-05-2020,51.7
14-05-2020,51.5
13-05-2020,50.9
12-05-2020,50.4
11-05-2020,50.4
10-05-2020,50.5
09-05-2020,49.9
08-05-2020,50.5
07-05-2020,50.9
06-05-2020,50.2
05-05-2020,50.6
04-05-2020,50.2
03-05-2020,49.8
02-05-2020,49.2
01-05-2020,49.7
30-04-2020,49.4
29-04-2020,50.6
28-04-2020,50.6
27-04-2020,50.9
26-04-2020,51.2
25-04-2020,51.2
24-04-2020,51.3
23-04-2020,51.6
22-04-2020,50.9
21-04-2020,49.8
20-04-2020,50.2
19-04-2020,49.7
18-04-2020,49.7
17-04-2020,49.7
16-04-2020,50.9
15-04-2020,50.6
14-04-2020,50.4
13-04-2020,50.5
12-04-2020,49.4
11-04-2020,49.4
10-04-2020,49.4
09-04-2020,49.4
08-04-2020,48.7
07-04-2020,48.7
06-04-2020,49.5
05-04-2020,48.1
04-04-2020,48.1
03-04-2020,48.2
02-04-2020,47.8
01-04-2020,46.6
31-03-2020,45.9
30-03-2020,47.1
29-03-2020,46.7
28-03-2020,46.6
27-03-2020,46.8
26-03-2020,47.3
25-03-2020,47.5
24-03-2020,48.5
23-03-2020,46.5
22-03-2020,44.7
21-03-2020,44.7
20-03-2020,44.8
19-03-2020,44.2
18-03-2020,43.9
17-03-2020,44.6
16-03-2020,43.1
15-03-2020,44.1
14-03-2020,44.1
13-03-2020,43.9
12-03-2020,45.1
11-03-2020,46.6
10-03-2020,46.8
09-03-2020,47
08-03-2020,47.6
07-03-2020,47.6
06-03-2020,47.9
05-03-2020,47.9
04-03-2020,47.2
03-03-2020,47
02-03-2020,45.9
01-03-2020,46.1
29-02-2020,46.1
28-02-2020,46.1
27-02-2020,48
26-02-2020,48.5
25-02-2020,48.6
24-02-2020,49
23-02-2020,48.6
22-02-2020,48.6
21-02-2020,48.6
20-02-2020,48.2
19-02-2020,47.8
18-02-2020,47.6
17-02-2020,46.8
16-02-2020,47
15-02-2020,47
14-02-2020,46.9
13-02-2020,46.7
12-02-2020,46.2
11-02-2020,46.1
10-02-2020,46.3
09-02-2020,46.1
08-02-2020,46.1
07-02-2020,46.1
06-02-2020,45.8
05-02-2020,45.5
04-02-2020,45.2
03-02-2020,45.8
02-02-2020,46
01-02-2020,46
31-01-2020,45.9
30-01-2020,45.9
29-01-2020,45.9
28-01-2020,45.7
27-01-2020,46.1
26-01-2020,45.7
25-01-2020,45.7
24-01-2020,45.7
23-01-2020,45.4
22-01-2020,45.1
21-01-2020,45.1
20-01-2020,45.2
19-01-2020,45.1
18-01-2020,45.1
17-01-2020,45.2
16-01-2020,44.7
15-01-2020,44.7
14-01-2020,44.6
13-01-2020,44.7
12-01-2020,45.1
11-01-2020,45.1
10-01-2020,45
09-01-2020,44.9
08-01-2020,44.9
07-01-2020,45.2
06-01-2020,44.9
05-01-2020,44.6
04-01-2020,44.6
03-01-2020,44.5
02-01-2020,43.9
01-01-2020,43.5
31-12-2019,43.5
30-12-2019,43.4
29-12-2019,43.4
28-12-2019,43.4
27-12-2019,43.4
26-12-2019,43.7
25-12-2019,42.5
24-12-2019,43.4
23-12-2019,43
22-12-2019,42.8
21-12-2019,42.8
20-12-2019,42.8
19-12-2019,42.7
18-12-2019,42.6
17-12-2019,42.5
16-12-2019,42.5
15-12-2019,42.6
14-12-2019,42.6
13-12-2019,42.6
12-12-2019,42.4
11-12-2019,42.6
10-12-2019,42.4
09-12-2019,42.4
08-12-2019,42.4
07-12-2019,42.4
06-12-2019,42.4
05-12-2019,42.7
04-12-2019,42.7
03-12-2019,42.8
02-12-2019,42.4
01-12-2019,42.7
30-11-2019,42.7
29-11-2019,42.7
28-11-2019,42.4
27-11-2019,42.4
26-11-2019,42.6
25-11-2019,42.4
24-11-2019,42.6
23-11-2019,42.6
22-11-2019,42.6
21-11-2019,42.5
20-11-2019,42.7
19-11-2019,42.7
18-11-2019,42.6
17-11-2019,42.6
16-11-2019,42.6
15-11-2019,42.6
14-11-2019,42.8
13-11-2019,42.7
12-11-2019,42.5
11-11-2019,42.4
10-11-2019,42.5
09-11-2019,42.5
08-11-2019,42.6
07-11-2019,42.6
06-11-2019,43.2
05-11-2019,43.1
04-11-2019,43.5
03-11-2019,43.5
02-11-2019,43.5
01-11-2019,43.5
31-10-2019,43.5
30-10-2019,43.1
29-10-2019,43
28-10-2019,43.2
27-10-2019,43.6
26-10-2019,43.6
25-10-2019,43.6
24-10-2019,43.5
23-10-2019,43
22-10-2019,42.9
21-10-2019,42.7
20-10-2019,42.9
19-10-2019,42.8
18-10-2019,42.9
17-10-2019,43.1
16-10-2019,43.2
15-10-2019,43.1
14-10-2019,43.5
13-10-2019,43.3
12-10-2019,43.3
11-10-2019,43.2
10-10-2019,43.6
09-10-2019,44.1
08-10-2019,44.1
07-10-2019,43.7
06-10-2019,44
05-10-2019,44
04-10-2019,44
03-10-2019,44.1
02-10-2019,43.9
01-10-2019,43.4
30-09-2019,43.4
29-09-2019,43.9
28-09-2019,43.9
27-09-2019,43.9
26-09-2019,44.2
25-09-2019,44.1
24-09-2019,44.6
23-09-2019,44.5
22-09-2019,44.2
21-09-2019,44.2
20-09-2019,44.2
19-09-2019,43.6
18-09-2019,43.4
17-09-2019,43.6
16-09-2019,43.7
15-09-2019,43.1
14-09-2019,42.9
13-09-2019,43.1
12-09-2019,43.5
11-09-2019,43.6
10-09-2019,43.3
09-09-2019,43.6
08-09-2019,43.9
07-09-2019,43.5
06-09-2019,43.8
05-09-2019,44.2
04-09-2019,45.2
03-09-2019,45.2
02-09-2019,44.7
01-09-2019,44.5
31-08-2019,44.4
30-08-2019,44.5
29-08-2019,44.4
28-08-2019,44.6
27-08-2019,44.7
26-08-2019,44.2
25-08-2019,43.9
24-08-2019,43.6
23-08-2019,44
22-08-2019,43.4
21-08-2019,43.5
20-08-2019,43.6
19-08-2019,43.4
18-08-2019,43.8
17-08-2019,43.8
16-08-2019,43.8
15-08-2019,44
14-08-2019,43.6
13-08-2019,43.2
12-08-2019,43.3
11-08-2019,42.9
10-08-2019,42.6
09-08-2019,42.9
08-08-2019,43.2
07-08-2019,42.9
06-08-2019,42.2
05-08-2019,41.9
04-08-2019,41.6
03-08-2019,41.6
02-08-2019,41.6
01-08-2019,41.7
31-07-2019,41
30-07-2019,41.2
29-07-2019,41.1
28-07-2019,40.9
27-07-2019,40.9
26-07-2019,40.9
25-07-2019,40.7
24-07-2019,41.1
23-07-2019,40.8
22-07-2019,40.8
21-07-2019,40.8
20-07-2019,40.8
19-07-2019,40.8
18-07-2019,41.2
17-07-2019,40.8
16-07-2019,40.2
15-07-2019,40.4
14-07-2019,40.3
13-07-2019,40.3
12-07-2019,40.3
11-07-2019,40.1
10-07-2019,40.4
09-07-2019,40
08-07-2019,39.9
07-07-2019,40
06-07-2019,40
05-07-2019,40
04-07-2019,40.3
03-07-2019,40.4
02-07-2019,40.2
01-07-2019,39.4
30-06-2019,39.8
29-06-2019,39.8
28-06-2019,39.8
27-06-2019,39.8
26-06-2019,39.8
25-06-2019,40.2
24-06-2019,40
23-06-2019,39.5
22-06-2019,39.4
21-06-2019,39.5
20-06-2019,39.5
19-06-2019,38.7
18-06-2019,38.6
17-06-2019,38.4
16-06-2019,38.4
15-06-2019,38.3
14-06-2019,38.4
13-06-2019,38.2
12-06-2019,37.9
11-06-2019,37.6
10-06-2019,37.7
09-06-2019,38
08-06-2019,38
07-06-2019,38
06-06-2019,38
05-06-2019,38
04-06-2019,37.8
03-06-2019,37.8
02-06-2019,37.6
01-06-2019,37.4
31-05-2019,37.5
30-05-2019,37.1
29-05-2019,36.9
28-05-2019,36.8
27-05-2019,36.9
26-05-2019,36.8
25-05-2019,36.8
24-05-2019,36.8
23-05-2019,36.9
22-05-2019,36.7
21-05-2019,36.7
20-05-2019,36.7
19-05-2019,36.8
18-05-2019,36.7
17-05-2019,36.8
16-05-2019,37
15-05-2019,37.1
14-05-2019,37.2
13-05-2019,37.1
12-05-2019,36.7
11-05-2019,36.7
10-05-2019,36.7
09-05-2019,36.7
08-05-2019,36.7
07-05-2019,36.9
06-05-2019,36.7
05-05-2019,36.8
04-05-2019,36.6
03-05-2019,36.6
02-05-2019,36.5
01-05-2019,36.6
30-04-2019,36.7
29-04-2019,36.7
28-04-2019,37
27-04-2019,37
26-04-2019,37
25-04-2019,36.8
24-04-2019,36.7
23-04-2019,36.4
22-04-2019,36.4
21-04-2019,36.4
20-04-2019,36.4
19-04-2019,36.4
18-04-2019,36.4
17-04-2019,36.2
16-04-2019,36.3
15-04-2019,36.6
14-04-2019,36.7
13-04-2019,36.6
12-04-2019,36.7
11-04-2019,36.8
10-04-2019,37.3
09-04-2019,37.2
08-04-2019,37
07-04-2019,37
06-04-2019,36.9
05-04-2019,37
04-04-2019,37
03-04-2019,36.8
02-04-2019,37
01-04-2019,36.9
31-03-2019,36.9
30-03-2019,37
29-03-2019,37
28-03-2019,36.9
27-03-2019,37.4
26-03-2019,37.5
25-03-2019,37.5
24-03-2019,37.2
23-03-2019,37.3
22-03-2019,37.3
21-03-2019,37
20-03-2019,36.9
19-03-2019,36.9
18-03-2019,36.9
17-03-2019,36.9
16-03-2019,36.9
15-03-2019,36.9
14-03-2019,36.8
13-03-2019,37.1
12-03-2019,37
11-03-2019,36.9
10-03-2019,37.1
09-03-2019,37.1
08-03-2019,37.1
07-03-2019,36.9
06-03-2019,36.5
05-03-2019,36.5
04-03-2019,36.5
03-03-2019,36.5
02-03-2019,36.5
01-03-2019,36.6
28-02-2019,37.1
27-02-2019,37.2
26-02-2019,37.4
25-02-2019,37.5
24-02-2019,37.6
23-02-2019,37.6
22-02-2019,37.6
21-02-2019,37.6
20-02-2019,37.9
19-02-2019,37.9
18-02-2019,37.6
17-02-2019,37.5
16-02-2019,37.5
15-02-2019,37.6
14-02-2019,37.3
13-02-2019,37.2
12-02-2019,37.1
11-02-2019,37.3
10-02-2019,37.2
09-02-2019,37.2
08-02-2019,37.3
07-02-2019,37.1
06-02-2019,36.9
05-02-2019,37
04-02-2019,36.9
03-02-2019,36.9
02-02-2019,36.9
01-02-2019,36.9
31-01-2019,37.1
30-01-2019,36.9
29-01-2019,36.8
28-01-2019,36.6
27-01-2019,36.7
26-01-2019,36.7
25-01-2019,36.5
24-01-2019,36.4
23-01-2019,36.2
22-01-2019,36.3
21-01-2019,36.1
20-01-2019,36.2
19-01-2019,36.2
18-01-2019,36.2
17-01-2019,36.4
16-01-2019,36.4
15-01-2019,36.3
14-01-2019,36.2
13-01-2019,36
12-01-2019,36
11-01-2019,36.1
10-01-2019,35.9
09-01-2019,35.9
08-01-2019,36.1
07-01-2019,36
06-01-2019,36.2
05-01-2019,36.2
04-01-2019,36.2
03-01-2019,36.4
02-01-2019,36.3
01-01-2019,35.8
31-12-2018,35.9
30-12-2018,35.9
29-12-2018,35.9
28-12-2018,35.9
27-12-2018,35.8
26-12-2018,35.8
25-12-2018,35.7
24-12-2018,35.7
23-12-2018,35.4
22-12-2018,35.4
21-12-2018,35.5
20-12-2018,35.4
19-12-2018,35.1
18-12-2018,35.3
17-12-2018,35.2
16-12-2018,35.1
15-12-2018,35.1
14-12-2018,35.2
13-12-2018,35.1
12-12-2018,35.2
11-12-2018,35.2
10-12-2018,35.2
09-12-2018,35.2
08-12-2018,35.2
07-12-2018,35.1
06-12-2018,34.9
05-12-2018,35
04-12-2018,35
03-12-2018,34.8
02-12-2018,34.7
01-12-2018,34.7
30-11-2018,34.7
29-11-2018,34.5
28-11-2018,34.5
27-11-2018,34.5
26-11-2018,34.6
25-11-2018,34.6
24-11-2018,34.6
23-11-2018,34.7
22-11-2018,34.5
21-11-2018,34.6
20-11-2018,34.5
19-11-2018,34.3
18-11-2018,34.3
17-11-2018,34.3
16-11-2018,34.4
15-11-2018,34.3
14-11-2018,34.3
13-11-2018,34.2
12-11-2018,34.3
11-11-2018,34.2
10-11-2018,34.2
09-11-2018,34.2
08-11-2018,34.5
07-11-2018,34.4
06-11-2018,34.5
05-11-2018,34.6
04-11-2018,34.8
03-11-2018,34.8
02-11-2018,34.7
01-11-2018,34.8
31-10-2018,34.5
30-10-2018,34.6
29-10-2018,34.7
28-10-2018,34.6
27-10-2018,34.7
26-10-2018,34.7
25-10-2018,34.7
24-10-2018,34.7
23-10-2018,34.4
22-10-2018,34.2
21-10-2018,34.2
20-10-2018,34.2
19-10-2018,34.2
18-10-2018,34.3
17-10-2018,34.1
16-10-2018,34
15-10-2018,34
14-10-2018,33.8
13-10-2018,33.8
12-10-2018,33.8
11-10-2018,33.9
10-10-2018,33.3
09-10-2018,33.2
08-10-2018,33.2
07-10-2018,33.5
06-10-2018,33.5
05-10-2018,33.5
04-10-2018,33.4
03-10-2018,33.4
02-10-2018,33.4
01-10-2018,33
30-09-2018,32.9
29-09-2018,33
28-09-2018,33
27-09-2018,32.6
26-09-2018,32.7
25-09-2018,32.8
24-09-2018,32.8
23-09-2018,32.7
22-09-2018,32.7
21-09-2018,32.8
20-09-2018,32.9
19-09-2018,33.1
18-09-2018,33
17-09-2018,33
16-09-2018,33
15-09-2018,32.9
14-09-2018,33
13-09-2018,33
12-09-2018,33.3
11-09-2018,33.2
10-09-2018,33.1
09-09-2018,33.2
08-09-2018,33.2
07-09-2018,33.2
06-09-2018,33.1
05-09-2018,33
04-09-2018,33.1
03-09-2018,33.2
02-09-2018,33.2
01-09-2018,33.2
31-08-2018,33.2
30-08-2018,33
29-08-2018,33.1
28-08-2018,33
27-08-2018,33.3
26-08-2018,33.3
25-08-2018,33.3
24-08-2018,33.3
23-08-2018,33
22-08-2018,33.1
21-08-2018,33.1
20-08-2018,33.3
19-08-2018,33.2
18-08-2018,33.2
17-08-2018,33.2
16-08-2018,33.1
15-08-2018,33.3
14-08-2018,33.8
13-08-2018,33.6
12-08-2018,34.2
11-08-2018,34
10-08-2018,34.1
09-08-2018,33.7
08-08-2018,33.6
07-08-2018,33.5
06-08-2018,33.5
05-08-2018,33.6
04-08-2018,33.6
03-08-2018,33.7
02-08-2018,33.5
01-08-2018,33.5
31-07-2018,33.6
30-07-2018,33.5
29-07-2018,33.7
28-07-2018,33.6
27-07-2018,33.7
26-07-2018,33.7
25-07-2018,33.7
24-07-2018,33.7
23-07-2018,33.6
22-07-2018,33.7
21-07-2018,33.7
20-07-2018,33.7
19-07-2018,33.7
18-07-2018,33.9
17-07-2018,33.8
16-07-2018,34
15-07-2018,34.1
14-07-2018,34.1
13-07-2018,34.1
12-07-2018,34.3
11-07-2018,34.2
10-07-2018,34.3
09-07-2018,34.4
08-07-2018,34.3
07-07-2018,34.3
06-07-2018,34.3
05-07-2018,34.5
04-07-2018,34.6
03-07-2018,34.5
02-07-2018,34.3
01-07-2018,34.6
30-06-2018,34.4
29-06-2018,34.4
28-06-2018,34.7
27-06-2018,34.8
26-06-2018,34.7
25-06-2018,34.7
24-06-2018,34.9
23-06-2018,34.9
22-06-2018,35
21-06-2018,35
20-06-2018,35.2
19-06-2018,35.3
18-06-2018,35.3
17-06-2018,35.4
16-06-2018,35.3
15-06-2018,35.4
14-06-2018,36.1
13-06-2018,35.4
12-06-2018,35.4
11-06-2018,35.4
10-06-2018,35.4
09-06-2018,35.4
08-06-2018,35.4
07-06-2018,35.3
06-06-2018,35.4
05-06-2018,35.5
04-06-2018,35.5
03-06-2018,35.6
02-06-2018,35.6
01-06-2018,35.6
31-05-2018,35.7
30-05-2018,35.8
29-05-2018,36.2
28-05-2018,35.8
27-05-2018,35.7
26-05-2018,35.8
25-05-2018,35.8
24-05-2018,35.7
23-05-2018,35.5
22-05-2018,35.2
21-05-2018,35.2
20-05-2018,35.2
19-05-2018,35.2
18-05-2018,35.2
17-05-2018,35.1
16-05-2018,35.1
15-05-2018,35
14-05-2018,35.3
13-05-2018,35.4
12-05-2018,35.4
11-05-2018,35.5
10-05-2018,35.5
09-05-2018,35.6
08-05-2018,35.6
07-05-2018,35.4
06-05-2018,35.3
05-05-2018,35.3
04-05-2018,35.3
03-05-2018,35.1
02-05-2018,35
01-05-2018,34.8
30-04-2018,34.9
27-04-2018,35
26-04-2018,35
25-04-2018,34.8
24-04-2018,34.9
23-04-2018,34.8
20-04-2018,34.9
19-04-2018,35.1
18-04-2018,35
17-04-2018,34.9
16-04-2018,35
13-04-2018,35
12-04-2018,34.9
11-04-2018,35
10-04-2018,34.8
09-04-2018,34.7
06-04-2018,34.8
05-04-2018,34.8
04-04-2018,34.9
03-04-2018,34.9
02-04-2018,34.6
30-03-2018,34.5
29-03-2018,34.6
28-03-2018,34.7
27-03-2018,34.7
26-03-2018,34.9
23-03-2018,35
22-03-2018,34.7
21-03-2018,34.6
20-03-2018,34.3
19-03-2018,34.2
16-03-2018,34.2
15-03-2018,34.4
14-03-2018,34.3
13-03-2018,34.2
12-03-2018,34.4
09-03-2018,34.4
08-03-2018,34.4
07-03-2018,34.4
06-03-2018,34.4
05-03-2018,34.4
02-03-2018,34.5
01-03-2018,34.4
28-02-2018,34.6
27-02-2018,34.8
26-02-2018,34.8
23-02-2018,34.7
22-02-2018,34.6
21-02-2018,34.7
20-02-2018,34.8
19-02-2018,34.8
16-02-2018,34.9
15-02-2018,34.8
14-02-2018,34.6
13-02-2018,34.4
12-02-2018,34.6
09-02-2018,34.5
08-02-2018,34.5
07-02-2018,34.6
06-02-2018,34.5
05-02-2018,34.5
02-02-2018,34.3
01-02-2018,34.5
31-01-2018,34.7
30-01-2018,34.8
29-01-2018,34.9
26-01-2018,35
25-01-2018,34.8
24-01-2018,35.1
23-01-2018,34.8
22-01-2018,35
19-01-2018,35
18-01-2018,34.9
17-01-2018,35
16-01-2018,35
15-01-2018,35
12-01-2018,35.1
11-01-2018,35.3
10-01-2018,35.4
09-01-2018,35.3
08-01-2018,35.4
05-01-2018,35.1
04-01-2018,35
03-01-2018,35.1
02-01-2018,34.9
01-01-2018,34.5
29-12-2017,34.5
28-12-2017,34.7
27-12-2017,34.5
26-12-2017,34.2
25-12-2017,34.2
22-12-2017,34.3
21-12-2017,34.2
20-12-2017,34.2
19-12-2017,34.2
18-12-2017,34.3
15-12-2017,34.2
14-12-2017,34.1
13-12-2017,33.9
12-12-2017,34
11-12-2017,33.9
08-12-2017,34.1
07-12-2017,34.2
06-12-2017,34.4
05-12-2017,34.4
04-12-2017,34.5
01-12-2017,34.4
30-11-2017,34.5
29-11-2017,34.7
28-11-2017,34.9
27-11-2017,34.9
24-11-2017,34.7
23-11-2017,35
22-11-2017,35.1
21-11-2017,35.1
20-11-2017,35.2
17-11-2017,35
16-11-2017,34.9
15-11-2017,34.9
14-11-2017,34.8
13-11-2017,35.2
10-11-2017,35.4
09-11-2017,35.4
08-11-2017,35.6
07-11-2017,35.4
06-11-2017,35.2
03-11-2017,35.1
02-11-2017,35.2
01-11-2017,35.3
31-10-2017,35
30-10-2017,35.1
27-10-2017,35.1
26-10-2017,35
25-10-2017,34.7
24-10-2017,34.8
23-10-2017,34.8
20-10-2017,34.9
19-10-2017,34.9
18-10-2017,34.9
17-10-2017,35.1
16-10-2017,35.4
12-10-2017,35
11-10-2017,34.9
10-10-2017,35.1
09-10-2017,34.9
06-10-2017,34.5
05-10-2017,34.9
04-10-2017,34.8
03-10-2017,34.7
02-10-2017,34.8
29-09-2017,34.9
28-09-2017,35
27-09-2017,35
26-09-2017,35.4
25-09-2017,35
22-09-2017,34.8
21-09-2017,34.7
20-09-2017,35.1
19-09-2017,35.1
18-09-2017,35.3
15-09-2017,35.6
14-09-2017,35.8
13-09-2017,35.9
12-09-2017,35.6
11-09-2017,35.8
08-09-2017,35.9
07-09-2017,36
06-09-2017,36
05-09-2017,36
04-09-2017,35.9
01-09-2017,35.7
31-08-2017,35.5
30-08-2017,35.3
29-08-2017,35.2
28-08-2017,34.4
25-08-2017,34.7
24-08-2017,35
23-08-2017,35
21-08-2017,35.1
18-08-2017,35.4
17-08-2017,35.1
16-08-2017,34.9
15-08-2017,34.7
14-08-2017,34.9
11-08-2017,34.9
10-08-2017,35.1
09-08-2017,34.7
08-08-2017,34.5
07-08-2017,34.3
04-08-2017,34.4
03-08-2017,34.3
02-08-2017,34.3
01-08-2017,34.6
31-07-2017,34.5
28-07-2017,34.6
27-07-2017,34.7
26-07-2017,34.5
25-07-2017,34.6
24-07-2017,34.6
21-07-2017,34.3
20-07-2017,34.2
19-07-2017,34.6
18-07-2017,34.4
17-07-2017,34.5
14-07-2017,34.5
13-07-2017,34.4
12-07-2017,34.3
11-07-2017,34
10-07-2017,34.1
07-07-2017,34.2
06-07-2017,34.4
05-07-2017,34.5
04-07-2017,34.6
03-07-2017,34.7
30-06-2017,34.9
29-06-2017,34.9
28-06-2017,35.2
27-06-2017,35.5
26-06-2017,35.7
23-06-2017,36
22-06-2017,36
21-06-2017,35.8
20-06-2017,35.8
19-06-2017,35.9
16-06-2017,36
15-06-2017,36.1
14-06-2017,36.3
13-06-2017,36.2
12-06-2017,36.3
09-06-2017,36.3
08-06-2017,36.5
07-06-2017,36.8
06-06-2017,36.8
05-06-2017,36.5
02-06-2017,36.3
01-06-2017,36.2
31-05-2017,36.2
30-05-2017,36.3
29-05-2017,36.3
26-05-2017,36.3
25-05-2017,36
24-05-2017,36
23-05-2017,36.1
22-05-2017,36
18-05-2017,36.2
17-05-2017,36.3
16-05-2017,35.8
15-05-2017,36.1
12-05-2017,36.2
11-05-2017,36.1
10-05-2017,36.1
09-05-2017,36
08-05-2017,36.1
05-05-2017,35.9
04-05-2017,35.9
02-05-2017,36.9
01-05-2017,37.3
28-04-2017,37.3
27-04-2017,37.3
26-04-2017,37.2
25-04-2017,37.2
24-04-2017,37.6
21-04-2017,38.5
20-04-2017,38.3
19-04-2017,38.3
18-04-2017,38.4
17-04-2017,38.7
14-04-2017,38.8
13-04-2017,38.8
12-04-2017,38.6
11-04-2017,37.9
10-04-2017,37.8
07-04-2017,38.3
06-04-2017,37.7
05-04-2017,37.6
04-04-2017,37.9
03-04-2017,37.5
31-03-2017,37.4
30-03-2017,37.4
29-03-2017,37.3
28-03-2017,37.2
27-03-2017,37.1
24-03-2017,37.1
23-03-2017,37.1
22-03-2017,37.1
21-03-2017,36.9
20-03-2017,36.8
17-03-2017,36.7
16-03-2017,36.8
15-03-2017,36.2
14-03-2017,36.3
13-03-2017,36.2
10-03-2017,36.2
09-03-2017,36.6
08-03-2017,36.8
07-03-2017,36.9
06-03-2017,37.3
03-03-2017,37.3
02-03-2017,37.8
01-03-2017,37.7
28-02-2017,38
27-02-2017,38
24-02-2017,38
23-02-2017,37.8
22-02-2017,37.7
21-02-2017,37.5
20-02-2017,37.4
17-02-2017,37.5
16-02-2017,37.3
15-02-2017,37.1
14-02-2017,37.4
13-02-2017,37
10-02-2017,37
09-02-2017,37.3
08-02-2017,37.3
07-02-2017,37
06-02-2017,36.7
03-02-2017,36.2
02-02-2017,36.3
01-02-2017,35.9
31-01-2017,36.1
30-01-2017,35.8
27-01-2017,35.6
26-01-2017,35.8
25-01-2017,35.7
24-01-2017,36.3
23-01-2017,36.2
20-01-2017,36.1
19-01-2017,36.1
18-01-2017,36.5
17-01-2017,36.5
16-01-2017,36.4
13-01-2017,36
12-01-2017,36.3
11-01-2017,36
10-01-2017,36.1
09-01-2017,35.8
06-01-2017,35.8
05-01-2017,35.6
04-01-2017,35.7
03-01-2017,35.5
02-01-2017,35.1
30-12-2016,34.9
29-12-2016,35.1
28-12-2016,35.1
27-12-2016,34.7
26-12-2016,34.8
23-12-2016,34.8
22-12-2016,34.8
21-12-2016,34.9
20-12-2016,34.8
19-12-2016,34.9
16-12-2016,34.7
15-12-2016,34.9
14-12-2016,35
13-12-2016,35
12-12-2016,35
09-12-2016,35.4
08-12-2016,35.4
07-12-2016,35.1
06-12-2016,35.1
05-12-2016,34.8
02-12-2016,35.3
01-12-2016,35.1
30-11-2016,35.8
29-11-2016,35.9
28-11-2016,36
25-11-2016,36
24-11-2016,36
23-11-2016,36
22-11-2016,36.7
21-11-2016,36.8
18-11-2016,36.7
17-11-2016,37
16-11-2016,36.9
15-11-2016,36.7
14-11-2016,36.3
11-11-2016,36.6
10-11-2016,37.4
09-11-2016,37.6
08-11-2016,37.3
07-11-2016,37.3
04-11-2016,37.6
03-11-2016,37.6
02-11-2016,37.6
01-11-2016,37.4
31-10-2016,37.2
28-10-2016,37.3
27-10-2016,37.3
26-10-2016,37.4
25-10-2016,37.4
24-10-2016,37.3
21-10-2016,37.4
20-10-2016,37.3
19-10-2016,37.2
18-10-2016,36.7
17-10-2016,36.6
14-10-2016,36.5
13-10-2016,36.6
12-10-2016,36.6
11-10-2016,36.4
10-10-2016,36.3
07-10-2016,36.2
06-10-2016,35.9
05-10-2016,36.4
04-10-2016,36.7
03-10-2016,37.5
30-09-2016,37.9
29-09-2016,37.7
28-09-2016,37.8
27-09-2016,37.8
26-09-2016,38.3
23-09-2016,38.3
22-09-2016,38.5
21-09-2016,38.1
20-09-2016,37.7
19-09-2016,37.8
16-09-2016,37.3
15-09-2016,37.4
14-09-2016,37.8
13-09-2016,37.8
12-09-2016,37.9
09-09-2016,38
08-09-2016,38.4
07-09-2016,38.5
06-09-2016,38.5
05-09-2016,38.2
02-09-2016,38.1
01-09-2016,37.7
31-08-2016,37.7
30-08-2016,37.8
29-08-2016,37.8
26-08-2016,37.5
25-08-2016,37.6
24-08-2016,37.6
23-08-2016,38.1
22-08-2016,37.8
19-08-2016,38.1
18-08-2016,38.5
17-08-2016,38.2
16-08-2016,38.6
15-08-2016,38.5
12-08-2016,39
11-08-2016,38.9
10-08-2016,38.9
09-08-2016,38.9
08-08-2016,38.7
05-08-2016,38.7
04-08-2016,39.2
03-08-2016,38.8
02-08-2016,39.2
01-08-2016,38.8
29-07-2016,38.9
28-07-2016,39.2
27-07-2016,38.8
26-07-2016,38.6
25-07-2016,38.4
22-07-2016,38.5
21-07-2016,38.6
20-07-2016,38.3
19-07-2016,38.6
18-07-2016,38.8
15-07-2016,38.3
14-07-2016,38.2
13-07-2016,38.9
12-07-2016,39
11-07-2016,39.4
08-07-2016,39.3
07-07-2016,39.3
06-07-2016,39.6
05-07-2016,38.9
04-07-2016,38.9
01-07-2016,39
30-06-2016,38.2
29-06-2016,38.4
28-06-2016,38.2
27-06-2016,38.2
24-06-2016,37.2
23-06-2016,35.9
22-06-2016,36
21-06-2016,36.1
20-06-2016,36.5
17-06-2016,36.9
16-06-2016,37.4
15-06-2016,36.7
14-06-2016,36.6
13-06-2016,36.5
10-06-2016,36.2
09-06-2016,35.6
08-06-2016,35.7
07-06-2016,35
06-06-2016,35.1
03-06-2016,35.7
02-06-2016,34.8
01-06-2016,35
31-05-2016,34.9
30-05-2016,35.1
27-05-2016,34.9
26-05-2016,35.2
25-05-2016,35.2
24-05-2016,35.4
23-05-2016,35.6
20-05-2016,35.9
19-05-2016,35.4
18-05-2016,36.1
17-05-2016,36.2
16-05-2016,36.5
13-05-2016,35.7
12-05-2016,35.9
11-05-2016,36
10-05-2016,35.6
09-05-2016,35.6
06-05-2016,36.3
05-05-2016,35.8
04-05-2016,35.7
03-05-2016,36
02-05-2016,36.1
29-04-2016,36.4
28-04-2016,35.6
27-04-2016,35.5
26-04-2016,35.3
25-04-2016,35.4
22-04-2016,35.3
21-04-2016,35.5
20-04-2016,35.3
19-04-2016,35.6
18-04-2016,35.1
15-04-2016,35
14-04-2016,35.1
13-04-2016,35.2
12-04-2016,35.3
11-04-2016,35.3
08-04-2016,35
07-04-2016,34.9
06-04-2016,34.4
05-04-2016,34.7
04-04-2016,34.4
01-04-2016,34.2
31-03-2016,35.1
30-03-2016,35.2
29-03-2016,35.2
28-03-2016,35.1
25-03-2016,35.1
24-03-2016,35.1
23-03-2016,34.9
22-03-2016,35.8
21-03-2016,35.5
18-03-2016,35.5
17-03-2016,36.7
16-03-2016,35.5
15-03-2016,35.6
14-03-2016,35.8
11-03-2016,36.4
10-03-2016,36.9
09-03-2016,36.3
08-03-2016,37
07-03-2016,37
04-03-2016,37.4
03-03-2016,37
02-03-2016,36.7
01-03-2016,36.5
29-02-2016,36.3
26-02-2016,35.7
25-02-2016,36
24-02-2016,36.4
23-02-2016,35.6
22-02-2016,34.9
19-02-2016,35.6
18-02-2016,34.9
17-02-2016,34.9
16-02-2016,34.8
15-02-2016,34.5
12-02-2016,35
11-02-2016,35.5
10-02-2016,33.8
09-02-2016,34.2
08-02-2016,34.3
05-02-2016,33
04-02-2016,33.6
03-02-2016,33.3
02-02-2016,33.3
01-02-2016,33.4
29-01-2016,32.6
28-01-2016,32.9
27-01-2016,33
26-01-2016,33
25-01-2016,32.9
22-01-2016,32.5
21-01-2016,32.3
20-01-2016,32.4
19-01-2016,32
18-01-2016,32
15-01-2016,32.3
14-01-2016,32.2
13-01-2016,32.2
12-01-2016,32
11-01-2016,32.3
08-01-2016,32.6
07-01-2016,33
06-01-2016,32.6
05-01-2016,32
04-01-2016,32
01-01-2016,31.3
